Zip,percentage_crime
15213,0.026561
15232,0.033552
15217,0.039716
